,gdp_growth,inflation,unemployment,remittances_pct_gdp,forex_reserves_months,gross_investment_gdp,consumption_growth,exports_pct_gdp,imports_pct_gdp,india_gdp_growth,india_inflation,distress,gdp_growth_lag1,gdp_growth_lag2,gdp_growth_lag3,inflation_lag1,inflation_lag2,inflation_lag3,unemployment_lag1,unemployment_lag2,unemployment_lag3,remittances_pct_gdp_lag1,remittances_pct_gdp_lag2,remittances_pct_gdp_lag3,forex_reserves_months_lag1,forex_reserves_months_lag2,forex_reserves_months_lag3,gross_investment_gdp_lag1,gross_investment_gdp_lag2,gross_investment_gdp_lag3,consumption_growth_lag1,consumption_growth_lag2,consumption_growth_lag3,exports_pct_gdp_lag1,exports_pct_gdp_lag2,exports_pct_gdp_lag3,imports_pct_gdp_lag1,imports_pct_gdp_lag2,imports_pct_gdp_lag3,india_gdp_growth_lag1,india_gdp_growth_lag2,india_gdp_growth_lag3,india_inflation_lag1,india_inflation_lag2,india_inflation_lag3,gdp_growth_roll3_mean,gdp_growth_roll3_std,gdp_growth_roll5_mean,gdp_growth_roll5_std,inflation_roll3_mean,inflation_roll3_std,inflation_roll5_mean,inflation_roll5_std,unemployment_roll3_mean,unemployment_roll3_std,unemployment_roll5_mean,unemployment_roll5_std,remittances_pct_gdp_roll3_mean,remittances_pct_gdp_roll3_std,remittances_pct_gdp_roll5_mean,remittances_pct_gdp_roll5_std,forex_reserves_months_roll3_mean,forex_reserves_months_roll3_std,forex_reserves_months_roll5_mean,forex_reserves_months_roll5_std,gross_investment_gdp_roll3_mean,gross_investment_gdp_roll3_std,gross_investment_gdp_roll5_mean,gross_investment_gdp_roll5_std,consumption_growth_roll3_mean,consumption_growth_roll3_std,consumption_growth_roll5_mean,consumption_growth_roll5_std,exports_pct_gdp_roll3_mean,exports_pct_gdp_roll3_std,exports_pct_gdp_roll5_mean,exports_pct_gdp_roll5_std,imports_pct_gdp_roll3_mean,imports_pct_gdp_roll3_std,imports_pct_gdp_roll5_mean,imports_pct_gdp_roll5_std,india_gdp_growth_roll3_mean,india_gdp_growth_roll3_std,india_gdp_growth_roll5_mean,india_gdp_growth_roll5_std,india_inflation_roll3_mean,india_inflation_roll3_std,india_inflation_roll5_mean,india_inflation_roll5_std,gdp_growth_chg1,gdp_growth_chg3,inflation_chg1,inflation_chg3,unemployment_chg1,unemployment_chg3,remittances_pct_gdp_chg1,remittances_pct_gdp_chg3,forex_reserves_months_chg1,forex_reserves_months_chg3,gross_investment_gdp_chg1,gross_investment_gdp_chg3,consumption_growth_chg1,consumption_growth_chg3,exports_pct_gdp_chg1,exports_pct_gdp_chg3,imports_pct_gdp_chg1,imports_pct_gdp_chg3,india_gdp_growth_chg1,india_gdp_growth_chg3,india_inflation_chg1,india_inflation_chg3,remittance_shock,forex_danger,forex_rapid_decline,india_nepal_gdp_gap,gulf_instability,stress_index
1996-01-01,6.19999998192236,2.47882020709136,10.446,0.976652460897553,4.25722590527228,27.2050877214127,3.54872711717044,22.8175751366943,35.6401935616059,3.84099115659129,4.0094359104519,0,6.19999998192236,6.19999998192236,6.19999998192236,2.47882020709136,2.47882020709136,2.47882020709136,10.446,10.446,10.446,1.29110017723861,1.29110017723861,1.29110017723861,4.66944397920879,4.66944397920879,4.66944397920879,25.1994981179423,25.1994981179423,25.1994981179423,3.54872711717044,3.54872711717044,3.54872711717044,24.9731589825482,24.9731589825482,24.9731589825482,34.5173594159918,34.5173594159918,34.5173594159918,3.84099115659129,3.84099115659129,3.84099115659129,4.0094359104519,4.0094359104519,4.0094359104519,6.19999998192236,0.0,6.19999998192236,0.0,2.47882020709136,0.0,2.47882020709136,0.0,10.446,0.0,10.446,0.0,1.1338763190680814,0.2223481125533853,1.1338763190680814,0.2223481125533853,4.463334942240535,0.2914821954081635,4.463334942240535,0.2914821954081635,26.2022929196775,1.4181660088911572,26.2022929196775,1.4181660088911572,3.54872711717044,0.0,3.54872711717044,0.0,23.89536705962125,1.524227954819472,23.89536705962125,1.524227954819472,35.07877648879885,0.7939636385115306,35.07877648879885,0.7939636385115306,3.84099115659129,0.0,3.84099115659129,0.0,4.0094359104519,0.0,4.0094359104519,0.0,0.0,0.0,0.0,0.0,0.0,0.08000000000000007,-0.31444771634105695,0.09896072975312009,-0.41221807393650955,1.9001706443732003,2.0055896034703977,-0.36012900760310274,0.0,0.0,-2.1555838458539007,-2.151107760157899,1.1228341456140996,-0.6298093486813983,0.0,0.0,0.0,0.0,0,1,0,-2.3590088253310704,0,0.426549964819706
1997-01-01,6.19999998192236,2.47882020709136,10.512,1.00551241513623,4.13729042628426,25.3407150470745,3.54872711717044,26.3278350735973,37.7076998213986,3.84099115659129,4.0094359104519,0,6.19999998192236,6.19999998192236,6.19999998192236,2.47882020709136,2.47882020709136,2.47882020709136,10.446,10.446,10.446,0.976652460897553,1.29110017723861,1.29110017723861,4.25722590527228,4.66944397920879,4.66944397920879,27.2050877214127,25.1994981179423,25.1994981179423,3.54872711717044,3.54872711717044,3.54872711717044,22.8175751366943,24.9731589825482,24.9731589825482,35.6401935616059,34.5173594159918,34.5173594159918,3.84099115659129,3.84099115659129,3.84099115659129,4.0094359104519,4.0094359104519,4.0094359104519,6.19999998192236,0.0,6.19999998192236,0.0,2.47882020709136,0.0,2.47882020709136,0.0,10.468,0.03810511776651572,10.468,0.03810511776651572,1.0910883510907976,0.17381533933718749,1.0910883510907976,0.17381533933718749,4.354653436921777,0.2791342757796603,4.354653436921777,0.2791342757796603,25.915100295476503,1.119391006116052,25.915100295476503,1.119391006116052,3.54872711717044,0.0,3.54872711717044,0.0,24.7061897309466,1.770292530101198,24.7061897309466,1.770292530101198,35.9550842663321,1.6183124211767705,35.9550842663321,1.6183124211767705,3.84099115659129,0.0,3.84099115659129,0.0,4.0094359104519,0.0,4.0094359104519,0.0,0.0,0.0,0.0,0.0,0.06600000000000072,0.08000000000000007,0.028859954238677044,0.09896072975312009,-0.1199354789880207,1.9001706443732003,-1.864372674338199,-0.36012900760310274,0.0,0.0,3.510259936903001,-2.151107760157899,2.067506259792701,-0.6298093486813983,0.0,0.0,0.0,0.0,0,1,0,-2.3590088253310704,0,0.4323967871770954
1998-01-01,6.19999998192236,2.47882020709136,10.526,1.39006090699173,6.56961462358199,24.8393691103392,3.54872711717044,22.8220512223903,33.8875500673104,3.84099115659129,4.0094359104519,0,6.19999998192236,6.19999998192236,6.19999998192236,2.47882020709136,2.47882020709136,2.47882020709136,10.512,10.446,10.446,1.00551241513623,0.976652460897553,1.29110017723861,4.13729042628426,4.25722590527228,4.66944397920879,25.3407150470745,27.2050877214127,25.1994981179423,3.54872711717044,3.54872711717044,3.54872711717044,26.3278350735973,22.8175751366943,24.9731589825482,37.7076998213986,35.6401935616059,34.5173594159918,3.84099115659129,3.84099115659129,3.84099115659129,4.0094359104519,4.0094359104519,4.0094359104519,6.19999998192236,0.0,6.19999998192236,0.0,2.47882020709136,0.0,2.47882020709136,0.0,10.494666666666665,0.042723919920033084,10.4825,0.04253234063627367,1.1240752610085043,0.23080185688486135,1.1658314900660307,0.20612454670599473,4.988043651712843,1.3709927731663498,4.90839373358683,1.130688828640678,25.795057292942133,1.2465858550376359,25.646167499192174,1.0604984105213122,3.54872711717044,0.0,3.54872711717044,0.0,23.989153810893967,2.0253586213867245,24.235155103807525,1.725336172444158,35.745147816771635,1.9122362779408486,35.438200716576674,1.6776862473024436,3.84099115659129,0.0,3.84099115659129,0.0,4.0094359104519,0.0,4.0094359104519,0.0,0.0,0.0,0.0,0.0,0.013999999999999346,0.08000000000000007,0.3845484918555,0.09896072975312009,2.4323241972977305,1.9001706443732003,-0.5013459367353015,-0.36012900760310274,0.0,0.0,-3.505783851206999,-2.151107760157899,-3.820149754088199,-0.6298093486813983,0.0,0.0,0.0,0.0,0,0,0,-2.3590088253310704,0,0.3882111285748744
1999-01-01,6.19999998192236,2.47882020709136,10.549,1.65809912429702,6.15144721774418,20.4835163550036,3.54872711717044,22.8484720906571,29.7185091627782,3.84099115659129,4.0094359104519,0,6.19999998192236,6.19999998192236,6.19999998192236,2.47882020709136,2.47882020709136,2.47882020709136,10.526,10.512,10.446,1.39006090699173,1.00551241513623,0.976652460897553,6.56961462358199,4.13729042628426,4.25722590527228,24.8393691103392,25.3407150470745,27.2050877214127,3.54872711717044,3.54872711717044,3.54872711717044,22.8220512223903,26.3278350735973,22.8175751366943,33.8875500673104,37.7076998213986,35.6401935616059,3.84099115659129,3.84099115659129,3.84099115659129,4.0094359104519,4.0094359104519,4.0094359104519,6.19999998192236,0.0,6.19999998192236,0.0,2.47882020709136,0.0,2.47882020709136,0.0,10.529,0.018681541692273814,10.4958,0.04734131388121809,1.3512241488083268,0.3280222150754038,1.2642850169122286,0.28342720636583013,5.619450755870143,1.3005058349637961,5.1570044304183,1.1260014712711375,23.5545335041391,2.671366070905197,24.61363727035446,2.484770819684783,3.54872711717044,0.0,3.54872711717044,0.0,23.999452795548233,2.016481475273133,23.95781850117744,1.6177659400389726,33.7712530171624,3.995864812259257,34.29426240581698,2.941759278460686,3.84099115659129,0.0,3.84099115659129,0.0,4.0094359104519,0.0,4.0094359104519,0.0,0.0,0.0,0.0,0.0,0.022999999999999687,0.10299999999999976,0.26803821730529,0.681446663399467,-0.41816740583781,1.8942213124718998,-4.355852755335597,-6.721571366409098,0.0,0.0,0.026420868266800568,0.030896953962802343,-4.169040904532199,-5.921684398827697,0.0,0.0,0.0,0.0,0,0,0,-2.3590088253310704,0,0.3960194763854288
2000-01-01,6.19999998192236,2.47882020709136,10.531,2.02936064424625,6.49127474402048,24.3148663462349,3.54872711717044,23.2840037102623,32.4265852938696,3.84099115659129,4.0094359104519,0,6.19999998192236,6.19999998192236,6.19999998192236,2.47882020709136,2.47882020709136,2.47882020709136,10.549,10.526,10.512,1.65809912429702,1.39006090699173,1.00551241513623,6.15144721774418,6.56961462358199,4.13729042628426,20.4835163550036,24.8393691103392,25.3407150470745,3.54872711717044,3.54872711717044,3.54872711717044,22.8484720906571,22.8220512223903,26.3278350735973,29.7185091627782,33.8875500673104,37.7076998213986,3.84099115659129,3.84099115659129,3.84099115659129,4.0094359104519,4.0094359104519,4.0094359104519,6.19999998192236,0.0,6.19999998192236,0.0,2.47882020709136,0.0,2.47882020709136,0.0,10.535333333333334,0.012096831541091157,10.5128,0.03961943967296934,1.6925068918450001,0.32103576025756286,1.4119371103137568,0.4463574477146385,6.404112195115549,0.2222925488516892,5.521370583380638,1.2196583396870444,23.212583937192566,2.377947263608737,24.43671091601298,2.4640343221781644,3.54872711717044,0.0,3.54872711717044,0.0,22.98484234110323,0.2594179237597822,23.61998744672026,1.5265260822835847,32.01088150798606,2.115380047205253,33.87610758139254,3.048768966412269,3.84099115659129,0.0,3.84099115659129,0.0,4.0094359104519,0.0,4.0094359104519,0.0,0.0,0.0,0.0,0.0,-0.017999999999998906,0.019000000000000128,0.3712615199492302,1.0238482291100202,0.33982752627629953,2.35398431773622,3.831349991231299,-1.0258487008395996,0.0,0.0,0.43553161960520015,-3.0438313633349985,2.708076131091399,-5.281114527528999,0.0,0.0,0.0,0.0,0,0,0,-2.3590088253310704,0,0.387503328277811
2001-01-01,4.79989214255407,2.6883037354563,10.502,2.4468753962689,7.36659055227129,22.3430462169922,3.54872711717044,22.5607737189466,33.239147361424,4.82396626555771,3.77929312235637,0,6.19999998192236,6.19999998192236,6.19999998192236,2.47882020709136,2.47882020709136,2.47882020709136,10.531,10.549,10.526,2.02936064424625,1.65809912429702,1.39006090699173,6.49127474402048,6.15144721774418,6.56961462358199,24.3148663462349,20.4835163550036,24.8393691103392,3.54872711717044,3.54872711717044,3.54872711717044,23.2840037102623,22.8484720906571,22.8220512223903,32.4265852938696,29.7185091627782,33.8875500673104,3.84099115659129,3.84099115659129,3.84099115659129,4.0094359104519,4.0094359104519,4.0094359104519,5.733297368799597,0.8083526379537878,5.919978414048702,0.6261472609315709,2.5486480498796733,0.1209453714922909,2.520716912764348,0.09368388191810241,10.527333333333333,0.0237135685491136,10.524,0.018069310999594756,2.0447783882707236,0.3946140924112659,1.705981697388026,0.5581785821538882,6.669770838011982,0.6269282036557927,6.1432435127804395,1.2065872458171336,22.3804763060769,1.915949228842887,23.46430261512888,2.0172687463868786,3.54872711717044,0.0,3.54872711717044,0.0,22.897749839955335,0.36412446706661855,23.56862716317072,1.5641296566908867,31.7947472726906,1.8434038611211994,33.39589834135616,2.8862035291793604,4.168649526246763,0.5675209437684642,4.037586178384574,0.43959983276783543,3.93272164775339,0.13287300065900556,3.9634073528327947,0.10292298374258707,-1.4001078393682906,-1.4001078393682906,0.20948352836494033,0.20948352836494033,-0.028999999999999915,-0.023999999999999133,0.41751475202264965,1.0568144892771698,0.8753158082508099,0.7969759286892995,-1.9718201292427011,-2.496322893346999,0.0,0.0,-0.7232299913157014,-0.2612775034437007,0.8125620675544027,-0.6484027058863973,0.9829751089664196,0.9829751089664196,-0.23014278809553046,-0.23014278809553046,0,0,0,0.02407412300363987,0,0.41035571715765196
2002-01-01,0.120143177369414,3.02939948714892,10.593,11.2130196297909,7.40748968632564,20.2462111730944,3.54872711717044,17.7371295242283,28.4935889762169,3.80397532112175,4.29715203929563,1,4.79989214255407,6.19999998192236,6.19999998192236,2.6883037354563,2.47882020709136,2.47882020709136,10.502,10.531,10.549,2.4468753962689,2.02936064424625,1.65809912429702,7.36659055227129,6.49127474402048,6.15144721774418,22.3430462169922,24.3148663462349,20.4835163550036,3.54872711717044,3.54872711717044,3.54872711717044,22.5607737189466,23.2840037102623,22.8484720906571,33.239147361424,32.4265852938696,29.7185091627782,4.82396626555771,3.84099115659129,3.84099115659129,3.77929312235637,4.0094359104519,4.0094359104519,3.7066784339486145,3.183944385582034,4.704007053138113,2.6332008331528267,2.7321744765655267,0.2778990236601776,2.6308327687758597,0.24056277649269978,10.542,0.04648655719667978,10.540200000000002,0.033951435904834945,5.229751890102016,5.1858653352782325,3.74748314031896,4.192276399631369,7.08845166087247,0.5175745234333217,6.797283364788716,0.5610350009356333,22.30137457877383,2.0346476657039547,22.44540184033286,2.1167125307143753,3.54872711717044,0.0,3.54872711717044,0.0,21.193968984479067,3.0154717202362735,21.85048605329692,2.3140385900303335,31.38644054383683,2.53801239607255,31.553076172319823,2.333544547580272,4.156310914423583,0.5785026308863274,4.030183011290665,0.44402771521046513,4.028627024034633,0.2594623066917137,4.02095057860154,0.1837684247879818,-4.679748965184656,-6.079856804552946,0.34109575169261985,0.5505792800575602,0.0909999999999993,0.04400000000000048,8.766144233521999,9.554920505493879,0.040899134054350306,1.2560424685814597,-2.096835043897798,-0.2373051819091998,0.0,0.0,-4.823644194718298,-5.1113425664287995,-4.745558385207104,-1.2249201865613024,-1.0199909444359596,-0.037015835469540015,0.5178589169392604,0.28771612884373,0,0,0,3.683832143752336,0,0.5134364098617537
2003-01-01,3.94503776051116,5.70700931874738,10.644,12.1803238824978,7.71309551906274,21.4093789298114,3.1594058668453,15.6998644945158,28.5480191211037,7.8603814759073,3.80585899528851,0,0.120143177369414,4.79989214255407,6.19999998192236,3.02939948714892,2.6883037354563,2.47882020709136,10.593,10.502,10.531,11.2130196297909,2.4468753962689,2.02936064424625,7.40748968632564,7.36659055227129,6.49127474402048,20.2462111730944,22.3430462169922,24.3148663462349,3.54872711717044,3.54872711717044,3.54872711717044,17.7371295242283,22.5607737189466,23.2840037102623,28.4935889762169,33.239147361424,32.4265852938696,3.80397532112175,4.82396626555771,3.84099115659129,4.29715203929563,3.77929312235637,4.0094359104519,2.9550243601448813,2.4920087267032818,4.253014608855873,2.502801187222369,3.8082375137841997,1.6532051758472202,3.2764705911070635,1.3772250322022006,10.579666666666666,0.07193283904680511,10.5638,0.05567494948358888,8.613406302852534,5.362228729335833,5.905535735420173,5.3049536761473,7.495725252553224,0.1893556425444101,7.025979543884866,0.6679090925468197,21.332878773299335,1.0505086890593507,21.7594038042273,1.6516041750593102,3.4189533670620604,0.22477472867646123,3.4708628671054123,0.17410975616244498,18.665922579230237,3.5234941820208414,20.42604870772202,3.469877386479369,30.09358515291487,2.7242727223735863,30.48516998307848,2.216991316612329,5.496107687528919,2.1100801623380647,4.834061075153867,1.7458643604361765,3.960768052313503,0.29161974628727644,3.980235195568862,0.20792211603641753,3.824894583141746,-2.2549622214112004,2.6776098315984598,3.22818911165602,0.051000000000000156,0.11299999999999955,0.9673042527069011,10.150963238251551,0.3056058327371005,1.2218207750422607,1.163167756716998,-2.905487416423501,-0.38932125032514,-0.38932125032514,-2.0372650297125006,-7.5841392157465,0.0544301448868012,-3.8785661727659004,4.05640615478555,4.01939031931601,-0.49129304400712037,-0.20357691516339038,0,0,0,3.9153437153961397,1,0.46682922274237426
2004-01-01,4.68260325152944,2.8418113124898,10.652,11.3089899806632,7.73890770780445,24.5311495689792,0.968061082406635,16.6826952635217,29.464591457087,7.92293661199932,3.76725173477515,0,3.94503776051116,0.120143177369414,4.79989214255407,5.70700931874738,3.02939948714892,2.6883037354563,10.644,10.593,10.502,12.1803238824978,11.2130196297909,2.4468753962689,7.71309551906274,7.40748968632564,7.36659055227129,21.4093789298114,20.2462111730944,22.3430462169922,3.1594058668453,3.54872711717044,3.54872711717044,15.6998644945158,17.7371295242283,22.5607737189466,28.5480191211037,28.4935889762169,33.239147361424,7.8603814759073,3.80397532112175,4.82396626555771,3.80585899528851,4.29715203929563,3.77929312235637,2.9159280631366715,2.4491448628038994,3.949535262777289,2.290706819005034,3.8594067061287,1.6028174853783306,3.349068812186752,1.3335408882131634,10.629666666666667,0.03200520790955278,10.584399999999999,0.06677799038605606,11.567444497650634,0.5329337973328471,7.835713906693411,5.125885171726492,7.619830971064277,0.1843452824870871,7.343471641896921,0.5059307856740612,22.062246557295,2.2158184421098124,22.56893044702242,1.8499462342627144,2.558731355474125,1.3912464545162857,2.954729660152651,1.1233035346935696,16.706563094088597,1.0188422131636807,19.19289334229494,3.4893192564743676,28.8353998514692,0.5455751255355131,30.43438644194024,2.24171356699605,6.529097803009456,2.3602325504556187,5.6504501662354745,2.0865448676549,3.9567542564530966,0.2954244709975312,3.931798360433512,0.22677360030467972,0.7375654910182803,-0.11728889102462947,-2.8651980062575797,0.15350757703349993,0.007999999999999119,0.14999999999999858,-0.8713339018345998,8.862114584394302,0.02581218874170954,0.37231715553316036,3.1217706391677993,2.1881033519869995,-2.191344784438665,-2.580666034763805,0.9828307690059006,-5.878078455424898,0.9165723359833002,-3.774555904337003,0.06255513609202001,3.09897034644161,-0.03860726051336005,-0.012041387581219976,0,0,0,3.2403333604698794,0,0.3856685458660877
2005-01-01,3.47918104829496,6.83633265892877,10.59,14.9051013655231,6.70143423450661,26.4511581033301,4.6931124473798,14.5836867929394,29.4792606869219,7.92343062148318,4.24634362031922,0,4.68260325152944,3.94503776051116,0.120143177369414,2.8418113124898,5.70700931874738,3.02939948714892,10.652,10.644,10.593,11.3089899806632,12.1803238824978,11.2130196297909,7.73890770780445,7.71309551906274,7.40748968632564,24.5311495689792,21.4093789298114,20.2462111730944,0.968061082406635,3.1594058668453,3.54872711717044,16.6826952635217,15.6998644945158,17.7371295242283,29.464591457087,28.5480191211037,28.4935889762169,7.92293661199932,7.8603814759073,3.80397532112175,3.76725173477515,3.80585899528851,4.29715203929563,4.035607353445187,0.6068017700885573,3.4053714760518092,1.9147729254138834,5.128384430055316,2.059163730291882,4.220571302554234,1.918294734307352,10.628666666666666,0.033724372986516996,10.5962,0.05983477249894293,12.798138409561368,1.875973178237849,10.41086205094878,4.69585871234752,7.384479153791266,0.5916750278593313,7.385503539994145,0.41862958478261453,24.1305622007069,2.544648696450302,22.99618879844146,2.4899726502316204,2.9401931322105788,1.8721758959007122,3.1836067261945233,1.3651429873281244,15.655415516992301,1.050209942628679,17.45282995883036,3.085040257993899,29.163957088370864,0.5334683507172203,29.844921520550702,1.9562197818971807,7.9022495697965995,0.036259674237198426,6.466938059213852,1.9983564361996466,3.9398181167942936,0.26615980796223565,3.979179902406976,0.26804437222472194,-1.2034222032344801,3.359037870925546,3.9945213464389697,3.80693317177985,-0.06199999999999939,-0.0030000000000001137,3.596111384859899,3.6920817357322004,-1.0374734732978403,-0.7060554518190303,1.9200085343509024,6.2049469302357,3.725051364973165,1.14438533020936,-2.0990084705823016,-3.1534427312889015,0.014669229834900932,0.9856717107050024,0.0004940094838605802,4.11945530036143,0.47909188554407045,-0.050808418976409975,0,0,0,4.44424957318822,0,0.509511676666981
2006-01-01,3.36461478056277,6.92033580707589,10.609,16.0689646788639,7.66549847116562,26.8519028137059,5.40244847354059,13.4465909577363,31.3153967991879,8.06073257166651,5.79652337561634,0,3.47918104829496,4.68260325152944,3.94503776051116,6.83633265892877,2.8418113124898,5.70700931874738,10.59,10.652,10.644,14.9051013655231,11.3089899806632,12.1803238824978,6.70143423450661,7.73890770780445,7.71309551906274,26.4511581033301,24.5311495689792,21.4093789298114,4.6931124473798,0.968061082406635,3.1594058668453,14.5836867929394,16.6826952635217,15.6998644945158,29.4792606869219,29.464591457087,28.5480191211037,7.92343062148318,7.92293661199932,7.8603814759073,4.24634362031922,3.76725173477515,3.80585899528851,3.842133026795724,0.7301191727543365,3.118316003653549,1.75430829825807,5.532826592831487,2.3308660539591273,5.066977716878151,2.004886788720048,10.616999999999999,0.031764760348542705,10.6176,0.028814926687403354,14.094352008350066,2.4813959119808073,13.13527990746778,2.218171252001481,7.368613471158892,0.5789588321900877,7.4452851237730115,0.43622619952342995,25.944736828671733,1.2404921548713477,23.8979601177842,2.965376576822267,3.6878740011090088,2.3819794571023563,3.5543509974685534,1.6997904819308916,14.9043243380658,1.641706153971871,15.629993406588301,1.6893112183816439,30.086416314398935,1.0643535928299979,29.46017140810348,1.1411122404734935,7.969033268383003,0.0794143102869732,7.114291320435612,1.851972407563385,4.603372910236904,1.06070178819257,4.3826259530589695,0.8270928209351116,-0.11456626773219014,-0.58042297994839,0.0840031481471204,1.2133264883285104,0.019000000000000128,-0.03500000000000014,1.1638633133407996,3.888640796366099,0.9640642366590102,-0.0475970478971206,0.4007447103758004,5.442523883894502,0.7093360261607904,2.2430426066952904,-1.1370958352031,-2.253273536779501,1.8361361122660007,2.767377678084202,0.13730195018332925,0.20035109575920984,1.55017975529712,1.9906643803278303,0,0,0,4.69611779110374,1,0.49391174453198194
2007-01-01,3.41156027980276,2.26921924439074,10.642,16.7918134796819,6.45735169197997,28.6852507532697,3.16517942887148,12.8556648764061,31.7236101436193,7.6608150670107,6.37288135593231,0,3.36461478056277,3.47918104829496,4.68260325152944,6.92033580707589,6.83633265892877,2.8418113124898,10.609,10.59,10.652,16.0689646788639,14.9051013655231,11.3089899806632,7.66549847116562,6.70143423450661,7.73890770780445,26.8519028137059,26.4511581033301,24.5311495689792,5.40244847354059,4.6931124473798,0.968061082406635,13.4465909577363,14.5836867929394,16.6826952635217,31.3153967991879,29.4792606869219,29.464591457087,8.06073257166651,7.92343062148318,7.92293661199932,5.79652337561634,4.24634362031922,3.76725173477515,3.418452036220163,0.057593225777046786,3.776599424140218,0.5569239225729193,5.341962570131801,2.6614052287540373,4.914941668326516,2.2157637943917528,10.613666666666667,0.026312227829161507,10.6274,0.026604510895719843,15.9219598413563,0.9519078038950827,14.25103867744598,2.404771290502565,6.941428132550733,0.6388289781607971,7.255257524903878,0.6235392364369147,27.329437223435235,1.1911430755728845,25.58576803381926,2.7619393746005523,4.4202467832639565,1.143321891484935,3.477641459808761,1.708738704848273,13.628647542360602,0.8782786494094725,14.653700477023861,1.5737079083912477,30.839422543243035,1.1954872396584644,30.106175641583963,1.3519258989365808,7.881659420053463,0.20320464459307205,7.885659269613401,0.14548266105266347,5.4719161172892905,1.0998036594617964,4.797771816386306,1.2071050572871762,0.04694549923999025,-1.27104297172668,-4.65111656268515,-0.5725920680990599,0.032999999999999474,-0.009999999999999787,0.7228488008179994,5.482823499018698,-1.2081467791856495,-1.2815560158244796,1.8333479395637973,4.1541011842905,-2.2372690446691106,2.197118346464845,-0.5909260813301991,-3.8270303871156006,0.4082133444313989,2.2590186865323005,-0.3999175046558099,-0.26212154498862006,0.5763579803159695,2.60562962115716,0,0,0,4.249254787207939,0,0.4080931121856727
2008-01-01,6.10463914373472,9.9078300530648,10.597,21.7381039679629,6.61958299342483,30.3156469991099,1.27209213549465,12.7758202580003,33.260386093191,3.08669805921981,8.34926704907581,0,3.41156027980276,3.36461478056277,3.47918104829496,2.26921924439074,6.92033580707589,6.83633265892877,10.642,10.609,10.59,16.7918134796819,16.0689646788639,14.9051013655231,6.45735169197997,7.66549847116562,6.70143423450661,28.6852507532697,26.8519028137059,26.4511581033301,3.16517942887148,5.40244847354059,4.6931124473798,12.8556648764061,13.4465909577363,14.5836867929394,31.7236101436193,31.3153967991879,29.4792606869219,7.6608150670107,8.06073257166651,7.92343062148318,6.37288135593231,5.79652337561634,4.24634362031922,4.293604734700083,1.568577442463488,4.20851970078493,1.1936581229671706,6.36579503484381,3.8493805180377865,5.755105815189999,3.178467439717857,10.616,0.023302360395470626,10.617999999999999,0.02755902755904896,18.1996273755029,3.085650667809222,16.162594694539003,3.7626371971173613,6.914144385523474,0.6557281984942208,7.036555019776296,0.614515514416769,28.617600188695167,1.7328627743262008,27.36702164767896,2.212376738355019,3.27990667930224,2.067566837203242,3.100178713538631,1.9830491138037212,13.026025364047568,0.3664019032674707,14.068891629720758,1.6300455783365222,32.09979767866607,1.0256137843214215,31.04864903600142,1.61173244364954,6.26941523263234,2.763557482138524,6.930922586275903,2.153859319809683,6.839557260208153,1.3388296625488187,5.7064534271437655,1.8254538115101226,2.6930788639319596,2.6254580954397597,7.638610808674059,3.0714973941360295,-0.04499999999999993,0.006999999999999673,4.946290488281001,6.8330026024398,0.16223130144485953,-0.08185124108177977,1.6303962458402026,3.8644888957798003,-1.89308729337683,-3.42102031188515,-0.07984461840580082,-1.8078665349390999,1.5367759495717017,3.7811254062691013,-4.574117007790889,-4.83673256226337,1.9763856931434995,4.102923428756589,0,0,0,-3.0179410845149097,0,0.4859306362613882
2009-01-01,4.5330787246486,11.0948237386987,10.582,23.2076254422303,6.56536255889742,31.6743770945651,5.67058815594308,12.4193541858921,34.6600935774766,7.86188883286074,10.8823529411764,0,6.10463914373472,3.41156027980276,3.36461478056277,9.9078300530648,2.26921924439074,6.92033580707589,10.597,10.642,10.609,21.7381039679629,16.7918134796819,16.0689646788639,6.61958299342483,6.45735169197997,7.66549847116562,30.3156469991099,28.6852507532697,26.8519028137059,1.27209213549465,3.16517942887148,5.40244847354059,12.7758202580003,12.8556648764061,13.4465909577363,33.260386093191,31.7236101436193,31.3153967991879,3.08669805921981,7.6608150670107,8.06073257166651,8.34926704907581,6.37288135593231,5.79652337561634,4.683092716062027,1.3527921459167709,4.178614795408762,1.1806132609960664,7.757291012051414,4.789722048060755,7.4057083004317805,3.421018886352849,10.607,0.031224989991997614,10.604000000000001,0.023441416339469164,20.5791809632917,3.3612479353302507,18.54232178685242,3.6874526795753875,6.547432414767407,0.08258853639282343,6.80184598999489,0.4908662402680856,30.225091615648235,1.4966192833055432,28.795667152796142,2.229598839044295,3.3692865734364035,2.2063400928510553,4.040684128245919,1.8281317023248274,12.683613106766167,0.23231094188199236,13.21622341419484,0.8488202494490132,33.2146966047623,1.468774790886695,32.08774946007934,1.9701123499619395,6.20313398636375,2.7007845769004626,6.918713030448188,2.1469921306856747,8.534833782061506,2.260455651815401,7.129473668424015,2.5609385980553494,-1.5715604190861194,1.1684639440858304,1.186993685633901,4.17448793162281,-0.014999999999998792,-0.026999999999999247,1.469521474267399,7.138660763366399,-0.054220434527409545,-1.1001359122681995,1.358730095455197,4.822474280859197,4.39849602044843,0.26813968240248975,-0.3564660721081996,-1.0272367718441995,1.3997074842855994,3.3446967782887,4.775190773640929,-0.19884373880576955,2.5330858921005905,5.08582956556006,0,0,0,3.3288101082121395,0,0.5489710450193288
2010-01-01,4.81641464694573,9.32650410745395,10.563,21.6469852746313,6.01052214363674,38.271206448162,6.23237789727949,9.58253617198229,36.4023696022884,8.49758470221235,11.9893899204244,0,4.5330787246486,6.10463914373472,3.41156027980276,11.0948237386987,9.9078300530648,2.26921924439074,10.582,10.597,10.642,23.2076254422303,21.7381039679629,16.7918134796819,6.56536255889742,6.61958299342483,6.45735169197997,31.6743770945651,30.3156469991099,28.6852507532697,5.67058815594308,1.27209213549465,3.16517942887148,12.4193541858921,12.7758202580003,12.8556648764061,34.6600935774766,33.260386093191,31.7236101436193,7.86188883286074,3.08669805921981,7.6608150670107,10.8823529411764,8.34926704907581,6.37288135593231,5.151377505109683,0.8376160367206182,4.446061515138917,1.1330636602488282,10.10971929973915,0.9012813270580206,7.903742590136815,3.497804955456298,10.580666666666668,0.017039170558851895,10.598600000000001,0.02973718211263944,22.197571561608168,0.8759179672711843,19.89069856867406,3.2290940024511796,6.398489231986329,0.33708131083155984,6.6636635718209165,0.6091875058330752,33.42041018061233,4.255491180819125,31.15967682176252,4.365514219780765,4.39168606290574,2.7162108961424214,4.348537218225858,2.077995026747058,11.592570205291564,1.7498413146445795,12.215993290003418,1.5176798607421709,34.774283090985335,1.5741011805492455,33.472371243152644,2.1066096320244405,6.482057198097633,2.957596164294331,7.033543846594021,2.227989484568176,10.40700330355887,1.866036330867142,8.678082928445052,2.7179505106374267,0.28333592229712945,1.4048543671429696,-1.7683196312447507,7.0572848630632095,-0.019000000000000128,-0.07899999999999885,-1.5606401675989972,4.855171794949403,-0.5548404152606805,-0.4468295483432305,6.596829353596899,9.585955694892299,0.5617897413364101,3.0671984684080105,-2.8368180139098094,-3.2731287044238098,1.742276024811801,4.678759458669102,0.6356958693516104,0.8367696352016507,1.1070369792480008,5.616508564492091,0,0,0,3.6811700552666204,0,0.5161018133767791
2011-01-01,3.42180870116162,9.2270754612596,10.627,19.5463008559418,6.74453820987915,27.8102444789254,0.572164860621413,7.80613567987597,28.490623210221,5.24131619937695,8.91179336483371,0,4.81641464694573,4.5330787246486,6.10463914373472,9.32650410745395,11.0948237386987,9.9078300530648,10.563,10.582,10.597,21.6469852746313,23.2076254422303,21.7381039679629,6.01052214363674,6.56536255889742,6.61958299342483,38.271206448162,31.6743770945651,30.3156469991099,6.23237789727949,5.67058815594308,1.27209213549465,9.58253617198229,12.4193541858921,12.7758202580003,36.4023696022884,34.6600935774766,33.260386093191,8.49758470221235,7.86188883286074,3.08669805921981,11.9893899204244,10.8823529411764,8.34926704907581,4.257100690918651,0.737125730340613,4.457500299258686,1.1196255614054853,9.88280110247075,1.0508190457770283,8.365090520973556,3.4877811516079125,10.590666666666667,0.03286842456421853,10.6022,0.0322908655814661,21.466970524267804,1.8372883318362077,20.58616580408964,2.4901194142547407,6.440140970804436,0.3826946968131195,6.4794715195636226,0.2818118388281297,32.585276007217495,5.289634576438832,31.35134515480642,4.144543219032958,4.158376971281328,3.1184274731586403,3.3824804956420222,2.5375275672243833,9.93600867925012,2.326833332258224,11.087902234431352,2.279415221732885,33.184362129995336,4.157194994453804,32.90741652535926,3.01332964147921,7.2002632448166795,1.7260163541245663,6.469660572136109,2.259584591238608,10.59451207547817,1.558858368396674,9.301136926288526,2.199958727086254,-1.39460594578411,-2.6828304425731,-0.09942864619434921,-0.6807545918051989,0.06400000000000006,0.030000000000001137,-2.1006844186895,-2.1918031120210983,0.7340160662424102,0.12495521645432017,-10.460961969236596,-2.5054025201845,-5.660213036658077,-0.6999272748732369,-1.7764004921063208,-4.96968457812433,-7.911746392067403,-4.769762882970003,-3.2562685028354004,2.15461814015714,-3.0775965555906915,0.5625263157578999,1,0,0,1.81950749821533,1,0.5491530619390419
2012-01-01,4.67014192446953,9.45980980357125,10.632,22.0821265457679,7.60892634309321,28.6027052400212,3.03522753010392,8.75029128721577,29.1716147715423,5.45638755166587,9.47899691419801,0,3.42180870116162,4.81641464694573,4.5330787246486,9.2270754612596,9.32650410745395,11.0948237386987,10.627,10.563,10.582,19.5463008559418,21.6469852746313,23.2076254422303,6.74453820987915,6.01052214363674,6.56536255889742,27.8102444789254,38.271206448162,31.6743770945651,0.572164860621413,6.23237789727949,5.67058815594308,7.80613567987597,9.58253617198229,12.4193541858921,28.490623210221,36.4023696022884,34.6600935774766,5.24131619937695,8.49758470221235,7.86188883286074,8.91179336483371,11.9893899204244,10.8823529411764,4.302788424192293,0.7664482250149375,4.70921662819204,0.9550740777846258,9.337796457428267,0.11677737965371872,9.80320863280966,0.7675145951567133,10.607333333333335,0.038475100173147744,10.600200000000001,0.029388773366717753,21.091804225447003,1.3560134513807465,21.64422841730684,1.3272231632677294,6.787995565536367,0.80008774676941,6.70978644978627,0.5761132107102227,31.5613853890362,5.8243688498055555,31.33483605215672,4.1579608358130855,3.279923429334941,2.8380292400561817,3.3564901158885108,2.540972844549481,8.712987713024678,0.8887875699931266,10.266827516593287,2.222136175681328,31.3548691946839,4.384504835237776,32.39701745094386,3.448655652258647,6.39842948441839,1.8210995011084787,6.028775069067144,2.1828228941626753,10.12672673315204,1.6378539551857405,9.922360037941665,1.4905230894931474,1.2483332233079105,0.13706319982092996,0.2327343423116499,-1.63501393512745,0.004999999999999005,0.049999999999998934,2.5358256898260976,-1.1254988964623998,0.8643881332140602,1.0435637841957899,0.7924607610957999,-3.0716718545438972,2.463062669482507,-2.63536062583916,0.9441556073398001,-3.66906289867633,0.6809915613212993,-5.488478805934303,0.21507135228891983,-2.40550128119487,0.5672035493643008,-1.4033560269783898,0,0,0,0.7862456271963394,0,0.4967187663554636
2013-01-01,3.52515317129149,9.04016311917645,10.666,25.1947048897919,8.56836277441355,29.6766090195384,2.64822476843763,9.2946586776145,32.5707170600577,6.38610640094825,10.0178784746102,0,4.67014192446953,3.42180870116162,4.81641464694573,9.45980980357125,9.2270754612596,9.32650410745395,10.632,10.627,10.563,22.0821265457679,19.5463008559418,21.6469852746313,7.60892634309321,6.74453820987915,6.01052214363674,28.6027052400212,27.8102444789254,38.271206448162,3.03522753010392,0.572164860621413,6.23237789727949,8.75029128721577,7.80613567987597,9.58253617198229,29.1716147715423,28.490623210221,36.4023696022884,5.45638755166587,5.24131619937695,8.49758470221235,9.47899691419801,8.91179336483371,11.9893899204244,3.872367932307546,0.6928221465889742,4.193319433703394,0.6657174086844507,9.242349461335767,0.21023987785302567,9.62967524603199,0.8332223964496533,10.641666666666666,0.02122105872320669,10.614,0.041297699693812716,22.274377430500532,2.829105394716479,22.33554860167264,2.0768689099554867,7.640609109128636,0.9123249743361784,7.099542405984013,1.0017792284464133,28.696519579495003,0.9367123343549542,31.20702845624242,4.206656924049385,2.0852057197209874,1.3245422852302295,3.6317166424771066,2.3240239157542635,8.617028548235412,0.7531562898226056,9.570595200516127,1.7304571085687133,30.077651680607,2.185742120267044,32.2590836443172,3.4191570853852298,5.694603383997023,0.608437538686863,6.688656737412832,1.4451221935273424,9.469556251213973,0.5531029850809736,10.256082323048544,1.210814366809452,-1.1449887531780405,-1.29126147565424,-0.4196466843948006,-0.2863409882774999,0.034000000000000696,0.10299999999999976,3.1125783440240014,3.5477196151605987,0.9594364313203405,2.557840630776811,1.0739037795171988,-8.594597428623597,-0.38700276166629033,-3.5841531288418604,0.5443673903987296,-0.2878774943677911,3.3991022885154045,-3.8316525422306995,0.9297188492823807,-2.1114783012641,0.5388815604121895,-1.9715114458142011,0,0,0,2.8609532296567606,0,0.4905845705290596
2014-01-01,6.01148284250441,8.36415469659563,10.62,25.9051136185799,8.43501141324674,30.9860882268693,3.04372448184711,10.124042118155,35.8585994934377,7.41022760508854,6.66565671867899,0,3.52515317129149,4.67014192446953,3.42180870116162,9.04016311917645,9.45980980357125,9.2270754612596,10.666,10.632,10.627,25.1947048897919,22.0821265457679,19.5463008559418,8.56836277441355,7.60892634309321,6.74453820987915,29.6766090195384,28.6027052400212,27.8102444789254,2.64822476843763,3.03522753010392,0.572164860621413,9.2946586776145,8.75029128721577,7.80613567987597,32.5707170600577,29.1716147715423,28.490623210221,6.38610640094825,5.45638755166587,5.24131619937695,10.0178784746102,9.47899691419801,8.91179336483371,4.7355926460884765,1.2444563697489621,4.489000257274556,1.0637039920817841,8.954709206447777,0.5528035878690934,9.083541437611377,0.43029342307411245,10.639333333333333,0.02386070689090764,10.6216,0.03723304983479565,24.393981684713236,2.0333902178592145,22.87504623694256,2.635314297116223,8.204100176917834,0.5197302817167557,7.473472176853877,1.0969569821554805,29.75513416214297,1.1936302878258271,31.06937068270326,4.198794512379271,2.90905892679622,0.22592895602867408,3.106343907657913,2.0256482804323053,9.389664027661757,0.6917856234264964,9.111532786968706,0.8824839169366838,32.533643775012564,3.343646510781853,32.498784827509425,3.662885579054474,6.417573852567553,0.9773000506360536,6.598324491858392,1.3653666184633122,8.720844035829067,1.8001234722843167,9.412743078549061,1.9240011337253753,2.4863296712129204,2.5896741413427904,-0.6760084225808196,-0.8629207646639703,-0.04600000000000115,-0.0070000000000014495,0.7104087287879999,6.358812762638099,-0.13335136116681134,1.6904732033675893,1.3094792073308987,3.1758437479438975,0.39549971340948,2.4715596212256967,0.8293834405405001,2.3179064382790298,3.2878824333799983,7.367976283216702,1.0241212041402896,2.16891140571159,-3.3522217559312093,-2.246136646154719,0,0,0,1.3987447625841298,1,0.4065974287094393
2015-01-01,3.97605327162971,7.86890895590891,10.643,27.6260850017638,12.5337607363716,31.2774348208688,2.5827039197471,10.2145885930146,36.4511417965013,7.99625378571471,4.90697344127256,1,6.01148284250441,3.52515317129149,4.67014192446953,8.36415469659563,9.04016311917645,9.45980980357125,10.62,10.666,10.632,25.9051136185799,25.1947048897919,22.0821265457679,8.43501141324674,8.56836277441355,7.60892634309321,30.9860882268693,29.6766090195384,28.6027052400212,3.04372448184711,2.64822476843763,3.03522753010392,10.124042118155,9.2946586776145,8.75029128721577,35.8585994934377,32.5707170600577,29.1716147715423,7.41022760508854,6.38610640094825,5.45638755166587,6.66565671867899,10.0178784746102,9.47899691419801,4.504229761808537,1.3246458440170539,4.3209279822113515,1.065426875761152,8.424408923893663,0.5879472830733831,8.792022407302369,0.6580262535171906,10.643,0.023000000000010214,10.6376,0.017952715672021315,26.241967836711865,1.2502021378273849,24.070866182369063,3.2285381632645604,9.845711641343962,2.32887346142731,8.778119895400849,2.2231187350850945,30.646710689092163,0.8526685442844436,29.67061635724462,1.4927981617376067,2.7582177233439467,0.2494169746960285,2.3764091121514346,1.030908595401144,9.8777631295947,0.5070086463429967,9.237943271175169,1.0037556132568322,34.960152783332234,2.0904135719936656,32.508539266352,3.675921613420491,7.264195930583834,0.8149463710187029,6.498058308558863,1.1993388217760181,7.1968362115205835,2.5965267772854896,7.996259782718694,2.146965759504005,-2.0354295708747,-0.6940886528398202,-0.49524574068672056,-1.5909008476623407,0.023000000000001464,0.011000000000001009,1.720971383183901,5.543958455995902,4.09874932312486,4.924834393278389,0.29134659399949925,2.674729580847597,-0.4610205621000101,-0.4525236103568204,0.09054647485960032,1.46429730579883,0.5925423030635955,7.279527024958998,0.5860261806261695,2.53986623404884,-1.7586832774064307,-4.5720234729254505,0,0,0,4.0202005140849995,1,0.37067077657882935
2016-01-01,0.433113719381524,8.7903433200464,10.714,26.9605652689538,10.2885647962682,28.2409991995242,4.15585494383063,8.1795780409177,33.9359080838193,8.25630550179086,4.94821634062141,1,3.97605327162971,6.01148284250441,3.52515317129149,7.86890895590891,8.36415469659563,9.04016311917645,10.643,10.62,10.666,27.6260850017638,25.9051136185799,25.1947048897919,12.5337607363716,8.43501141324674,8.56836277441355,31.2774348208688,30.9860882268693,29.6766090195384,2.5827039197471,3.04372448184711,2.64822476843763,10.2145885930146,10.124042118155,9.2946586776145,36.4511417965013,35.8585994934377,32.5707170600577,7.99625378571471,7.41022760508854,6.38610640094825,4.90697344127256,6.66565671867899,10.0178784746102,3.4735499445052143,2.8229298102824107,3.723188985855333,2.0652337901712743,8.34113565751698,0.46114827222214305,8.70467597905973,0.6133063810637883,10.658999999999999,0.049000000000004665,10.655000000000001,0.0370809924354851,26.830587963099166,0.8678169164417541,25.55371906497146,2.1551241697006973,10.419112315295513,2.0524908025365796,9.48692521267866,1.9623322908598961,30.168174082420766,1.67532772358409,29.75676730136438,1.3656040030781909,3.2607611151416136,0.8087210342804395,3.093147128793278,0.6311999196947754,9.5060695840291,1.1496671372561502,9.312631743383514,0.8763950974432488,35.415216457919435,1.3149302432038146,33.597596241071656,2.9160377941687714,7.887595630864703,0.43337846945091,7.101056169041646,1.1670105829061135,5.506948833524319,1.003682328491617,7.203544377876234,2.43660760123012,-3.5429395522481864,-3.092039451909966,0.9214343641374905,-0.2498197991300497,0.07099999999999973,0.04800000000000004,-0.6655197328100009,1.7658603791619,-2.2451959401033985,1.72020202185465,-3.036435621344598,-1.4356098200142,1.5731510240835305,1.5076301753930004,-2.0350105520968995,-1.1150806366967991,-2.5152337126819972,1.3651910237615965,0.2600517160761511,1.8701991008426102,0.04124289934885006,-5.06966213398879,0,0,0,7.823191782409337,0,0.5320166031246186
2017-01-01,8.97727935643466,2.77703998300211,10.66,23.9135443394186,9.35380252386613,37.3250540060946,0.787375415856758,7.81218865494721,36.8302219675524,6.79538341897911,3.32817337461298,0,0.433113719381524,3.97605327162971,6.01148284250441,8.7903433200464,7.86890895590891,8.36415469659563,10.714,10.643,10.62,26.9605652689538,27.6260850017638,25.9051136185799,10.2885647962682,12.5337607363716,8.43501141324674,28.2409991995242,31.2774348208688,30.9860882268693,4.15585494383063,2.5827039197471,3.04372448184711,8.1795780409177,10.2145885930146,10.124042118155,33.9359080838193,36.4511417965013,35.8585994934377,8.25630550179086,7.99625378571471,7.41022760508854,4.94821634062141,4.90697344127256,6.66565671867899,4.462148782481965,4.292773956616275,4.584616472248359,3.16461773421997,6.478764086319141,3.238723718482651,7.368122014945899,2.604771476641898,10.672333333333334,0.03707200201410385,10.660599999999999,0.0347821793451834,26.166731536712064,1.9794869381295062,25.9200026237016,1.4616464202471031,10.72537601883531,1.6343612181646563,9.835900448833243,1.6796514071283135,32.281162675495864,4.624458361452665,31.501237054579057,3.4709770950358103,2.508644759811496,1.6854605162899978,2.6435767059438455,1.214116349578115,8.735451762959837,1.2940742102944105,9.125011216929801,1.099018747627824,35.73909061595767,1.5730625789134098,35.12931768027368,1.8126506799722244,7.6826475688282265,0.7793169942097671,7.368855342504295,0.7870155311480712,4.394454385502317,0.9236566677202275,5.973379669959227,2.550613481809197,8.544165637053137,2.9657965139302505,-6.01330333704429,-5.58711471359352,-0.05400000000000027,0.040000000000000924,-3.0470209295352007,-1.9915692791613004,-0.9347622724020699,0.9187911106193916,9.084054806570396,6.338965779225298,-3.3684795279738724,-2.256349065990352,-0.3673893859704904,-2.3118534632077896,2.8943138837330977,0.9716224741146959,-1.4609220828117504,-0.6148441861094298,-1.62004296600843,-3.3374833440660105,1,0,0,-2.1818959374555504,0,0.1949035282221231
2018-01-01,7.62237610397935,4.40659410175714,10.593,25.0264204285432,6.61464333893592,39.5478003355175,6.16983733707114,7.81564102178754,40.6317459243192,6.45385134497769,3.9388264669163,0,8.97727935643466,0.433113719381524,3.97605327162971,2.77703998300211,8.7903433200464,7.86890895590891,10.66,10.714,10.643,23.9135443394186,26.9605652689538,27.6260850017638,9.35380252386613,10.2885647962682,12.5337607363716,37.3250540060946,28.2409991995242,31.2774348208688,0.787375415856758,4.15585494383063,2.5827039197471,7.81218865494721,8.1795780409177,10.2145885930146,36.8302219675524,33.9359080838193,36.4511417965013,6.79538341897911,8.25630550179086,7.99625378571471,3.32817337461298,4.94821634062141,4.90697344127256,5.677589726598511,4.592095071814658,5.404061058785931,3.346912590620999,5.324659134935216,3.1099978793698915,6.441408211462038,2.6842257515264465,10.655666666666667,0.06061627944153083,10.646,0.04559056920022515,25.300176678971866,1.541846620044615,25.88634573145186,1.4842851339950396,8.752336886356751,1.9093835139882325,9.445156561737718,2.1960963710269343,35.03795118037877,5.990331166452561,33.47547531777488,4.746592397331251,3.704355898919509,2.7194875664355305,3.3478992196705475,1.9906315240830845,7.935802572550817,0.21112280535774977,8.82920768576441,1.2328361846074938,37.1326253252303,3.3581463547050334,36.74152345312598,2.4432075294284794,7.168513421915886,0.9574078264626675,7.382404331310182,0.766174383372505,4.071738727383564,0.8181589421776223,4.757569268420448,1.266192918465326,-1.354903252455311,3.6463228323496395,1.6295541187550295,-3.46231485415177,-0.06700000000000017,-0.05000000000000071,1.112876089124601,-2.5996645732206005,-2.7391591849302106,-5.919117397435679,2.222746329422904,8.270365514648702,5.382461921214382,3.5871334173240403,0.0034523668403299013,-2.39894757122706,3.8015239567668004,4.180604127817901,-0.34153207400142005,-1.5424024407370194,0.6106530923033202,-0.9681469743562596,0,0,0,-1.1685247590016594,0,0.308656430819479
2019-01-01,6.65705543110467,5.56616035243723,10.477,24.1163701264819,7.45868343240894,41.3787409108185,8.13949293147265,7.7799364745157,41.4695901129297,3.87143694070356,3.72950573539129,0,7.62237610397935,8.97727935643466,0.433113719381524,4.40659410175714,2.77703998300211,8.7903433200464,10.593,10.66,10.714,25.0264204285432,23.9135443394186,26.9605652689538,6.61464333893592,9.35380252386613,10.2885647962682,39.5478003355175,37.3250540060946,28.2409991995242,6.16983733707114,0.787375415856758,4.15585494383063,7.81564102178754,7.81218865494721,8.1795780409177,40.6317459243192,36.8302219675524,33.9359080838193,6.45385134497769,6.79538341897911,8.25630550179086,3.9388264669163,3.32817337461298,4.94821634062141,7.75223696383956,1.165550362751928,5.533175576505983,3.3883984578752595,4.249931479065493,1.401144350811497,5.8818093426303575,2.4659492005755257,10.576666666666668,0.09258689612106923,10.6174,0.08959520076432999,24.352111631481232,0.5927089001532271,25.52859703303226,1.6811417391531573,7.809043098403664,1.4027872902774055,9.249890965570158,2.3466143745107937,39.41719841747686,2.029996804462865,35.55400585456472,5.585330575032957,5.0322352281335165,3.805786634790631,4.367052909595655,2.8949927576811425,7.802588717083483,0.01969321657364221,8.36038655703655,1.0493983807464367,39.6438526682671,2.472424723040171,37.86372157702438,3.1287165340589183,5.70689056822012,1.5986958914895912,6.6746461984331855,1.7442478861257529,3.665501858973523,0.31031705066310206,4.170339071762908,0.7254134024583715,-0.9653206728746797,6.223941711723146,1.15956625068009,-3.2241829676091704,-0.11599999999999966,-0.2370000000000001,-0.9100503020613004,-2.8441951424719,0.8440400934730201,-2.8298813638592604,1.8309405753009997,13.1377417112943,1.9696555944015106,3.9836379876420205,-0.03570454727184025,-0.39964156640200077,0.8378441886105037,7.533682029110402,-2.58241440427413,-4.3848685610873,-0.20932073152500985,-1.2187106052301195,0,0,0,-2.78561849040111,1,0.3420659973641806
2020-01-01,-2.3696206292072,5.05635826238499,13.037,24.2502461023191,12.4797850993124,30.4402815098213,3.59606073215237,6.80529835464112,34.113575769703,-5.77772470686801,6.62343677628535,1,6.65705543110467,7.62237610397935,8.97727935643466,5.56616035243723,4.40659410175714,2.77703998300211,10.477,10.593,10.66,24.1163701264819,25.0264204285432,23.9135443394186,7.45868343240894,6.61464333893592,9.35380252386613,41.3787409108185,39.5478003355175,37.3250540060946,8.13949293147265,6.16983733707114,0.787375415856758,7.7799364745157,7.81564102178754,7.81218865494721,41.4695901129297,40.6317459243192,36.8302219675524,3.87143694070356,6.45385134497769,6.79538341897911,3.72950573539129,3.9388264669163,3.32817337461298,3.9699369686256056,5.511393099983846,4.2640407963386,4.947247188661202,5.009704238859786,0.5811892298231389,5.319299203925574,2.206486923331656,11.369,1.4456942968691555,11.096200000000001,1.088539250555532,24.464345552448066,0.491352031622575,24.85342925314332,1.2510413518917367,8.851037290219088,3.1707978359313786,9.239095838158319,2.3277794601488013,37.122274252052435,5.858741853247423,35.38657519235522,5.755532604896937,5.968463666898721,2.2784002180771736,4.5697242720767095,2.7716908865510512,7.4669586169814535,0.5732926222654361,7.678528509361854,0.5149101832270124,38.73830393565063,4.0269813356631134,37.39620837166471,3.5401566898893675,1.5158545262710799,6.447048903289703,3.9198504999166426,5.646680454006186,4.763922992864313,1.6137835744644093,4.513631738765466,1.3219972858677396,-9.02667606031187,-11.34689998564186,-0.50980209005224,2.2793182793828795,2.5600000000000005,2.3770000000000007,0.13387597583719923,0.3367017629004998,5.021101666903459,3.125982575446269,-10.9384594009972,-6.884772496273296,-4.54343219932028,2.808685316295612,-0.9746381198745802,-1.0068903003060905,-7.356014343226704,-2.7166461978494,-9.649161647571571,-12.57310812584712,2.8939310408940595,3.29526340167237,0,0,0,-3.4081040776608105,0,0.6264568959671486
2021-01-01,4.838149614115,4.12676744440695,12.241,22.2775786274327,6.7229827208626,35.1635974644693,7.9669569517457,5.11917148492798,37.934633306985,9.68959249192875,5.13140747176369,1,-2.3696206292072,6.65705543110467,7.62237610397935,5.05635826238499,5.56616035243723,4.40659410175714,13.037,10.477,10.593,24.2502461023191,24.1163701264819,25.0264204285432,12.4797850993124,7.45868343240894,6.61464333893592,30.4402815098213,41.3787409108185,39.5478003355175,3.59606073215237,8.13949293147265,6.16983733707114,6.80529835464112,7.7799364745157,7.81564102178754,34.113575769703,41.4695901129297,40.6317459243192,-5.77772470686801,3.87143694070356,6.45385134497769,6.62343677628535,3.72950573539129,3.9388264669163,3.041861472004156,4.773909141528342,5.145047975285296,4.4630076574484026,4.9164286864097235,0.7298275142774868,4.386584028797683,1.060487496763716,11.918333333333335,1.310147065536284,11.401599999999998,1.1659561741334867,23.548064952077898,1.1023077247572226,23.9168319248391,1.0086289377773525,8.887150417527979,3.1329829000191833,8.525979423077198,2.467842877801543,35.66087329503637,5.486158579148587,36.77109484534424,4.240006241574796,6.567503538456907,2.5747905603037533,5.331944673659724,3.130258928521802,6.568135438028267,1.3461434801743668,7.066447198163909,1.1711714301310867,37.83926639653924,3.678934341646393,38.195953416297854,2.9685476332168332,2.5944349085880996,7.812331660558758,4.20650789794422,5.950088632753932,5.161449994480109,1.447199409978076,4.550269964993922,1.3394755109157508,7.2077702433222,-2.7842264898643494,-0.9295908179780392,-0.2798266573501893,-0.7960000000000012,1.6479999999999997,-1.9726674748864,-2.748841801110501,-5.7568023784498,0.10833938192667958,4.7233159546479975,-4.384202871048203,4.37089621959333,1.7971196146745596,-1.6861268697131395,-2.69646953685956,3.8210575372820017,-2.6971126173341986,15.46731719879676,3.2357411469510593,-1.49202930452166,1.1925810048473897,0,0,1,4.851442877813749,0,0.4793791271543486
2022-01-01,5.6313145568451,7.6702057938028,10.661,22.8532966744987,7.11844228100777,37.6438482526851,6.83113486172478,6.70239086589236,42.2710106140504,7.60936497768895,6.69903414079852,1,4.838149614115,-2.3696206292072,6.65705543110467,4.12676744440695,5.05635826238499,5.56616035243723,12.241,13.037,10.477,22.2775786274327,24.2502461023191,24.1163701264819,6.7229827208626,12.4797850993124,7.45868343240894,35.1635974644693,30.4402815098213,41.3787409108185,7.9669569517457,3.59606073215237,8.13949293147265,5.11917148492798,6.80529835464112,7.7799364745157,37.934633306985,34.113575769703,41.4695901129297,9.68959249192875,-5.77772470686801,3.87143694070356,5.13140747176369,6.62343677628535,3.72950573539129,2.699947847250966,4.408250339955501,4.475855015367385,3.9681579839841854,5.617777166864914,1.8372213322631803,5.3652171909578215,1.4054768277198921,11.979666666666667,1.2093656739519842,11.4018,1.1657972379449173,23.127040468083504,1.0144239695577562,23.704782391855122,1.1153027318616873,8.773736700394258,3.215617066329624,8.078907374505526,2.482815766176482,34.41590907565857,3.6595248188521925,36.83485369466234,4.252796536347786,6.131384181874284,2.26791130802711,6.540696562833328,1.8359697486261035,6.2089535684871535,0.9451805277537477,6.84448764035294,1.0973429889060093,38.10640656357947,4.081429326682508,39.28411114559746,3.3192443702746246,3.840410920916563,8.394238282512255,4.369304209686187,6.04894341180097,6.15129279628252,0.8840550303894937,5.22444211823103,1.4166779382917944,0.7931649427301002,-1.0257408742595695,3.5434383493958492,2.10404544136557,-1.58,0.18399999999999928,0.575718047066001,-1.2630734519831996,0.39545956014517003,-0.3402411514011705,2.4802507882158054,-3.734892658133397,-1.1358220900209197,-1.3083580697478707,1.5832193809643798,-1.07754560862334,4.336377307065398,0.8014205011206954,-2.0802275142398,3.7379280369853896,1.56762666903483,2.9695284054072295,0,0,0,1.9780504208438492,0,0.4383129160106776
2023-01-01,1.98254843628392,7.11587261530826,10.437,26.2241089254704,10.4169326092974,31.1493001529726,0.717459927303096,7.00596728087278,34.5641830124417,9.19075493028345,5.64914318907925,1,5.6313145568451,4.838149614115,-2.3696206292072,7.6702057938028,4.12676744440695,5.05635826238499,10.661,12.241,13.037,22.8532966744987,22.2775786274327,24.2502461023191,7.11844228100777,6.7229827208626,12.4797850993124,37.6438482526851,35.1635974644693,30.4402815098213,6.83113486172478,7.9669569517457,3.59606073215237,6.70239086589236,5.11917148492798,6.80529835464112,42.2710106140504,37.934633306985,34.113575769703,7.60936497768895,9.68959249192875,-5.77772470686801,6.69903414079852,5.13140747176369,6.62343677628535,4.150670869081339,1.9190736878227364,3.347889481828298,3.637978925701406,6.30428195117267,1.9060425988357002,5.907072893668046,1.4645185751545882,11.113,0.9832761565297938,11.3706,1.1945864556406114,23.784994742467266,2.131858652848415,23.944320091240563,1.523892078742413,8.086119203722589,2.028204973525352,8.839365228577822,2.50441153809921,34.65224862337566,3.277330771044586,35.15515365815336,4.56080015058594,5.171850580257859,3.8991947914784846,5.45022108087972,3.213642953713882,6.275843210564374,1.013142028837949,6.682552892169987,0.970627247182185,38.2566089778257,3.8634892480359455,38.07059856322196,3.7804785049585865,8.829904133300383,1.0860463162372795,4.916684926747339,6.398472232524053,5.82652826721382,0.7987255115657,5.56650546266362,1.2217233997536994,-3.6487661205611803,4.35216906549112,-0.5543331784945398,2.0595143529232702,-0.2240000000000002,-2.6000000000000014,3.3708122509716993,1.9738628231513005,3.2984903282896294,-2.0628524900150005,-6.494548099712503,0.7090186431512997,-6.113674934421684,-2.878600804849274,0.3035764149804203,0.20066892623166055,-7.706827601608694,0.45060724273870534,1.5813899525945008,14.96847963715146,-1.04989095171927,-0.9742935872061,0,0,0,7.20820649399953,1,0.4375897709518952
2024-01-01,4.61,4.06,10.5,26.2254579224946,18.1,30.3993910198841,1.07018749884138,7.62189857137715,32.9079241058137,8.2,1.5,0,1.98254843628392,5.6313145568451,4.838149614115,7.11587261530826,7.6702057938028,4.12676744440695,10.437,10.661,12.241,26.2241089254704,22.8532966744987,22.2775786274327,10.4169326092974,7.11844228100777,6.7229827208626,31.1493001529726,37.6438482526851,35.1635974644693,0.717459927303096,6.83113486172478,7.9669569517457,7.00596728087278,6.70239086589236,5.11917148492798,34.5641830124417,42.2710106140504,37.934633306985,9.19075493028345,7.60936497768895,9.68959249192875,5.64914318907925,6.69903414079852,5.13140747176369,4.074620997709673,1.8823778998141698,2.938478395607364,3.2689378683303487,6.2820261363703525,1.9441891449212714,5.6058408231806,1.689749370483336,10.532666666666666,0.1155176754152222,11.375200000000001,1.1903218892383685,25.1009545074879,1.9465288992451526,24.3661376504431,1.8420997933682497,11.878458296768391,5.634775548790086,10.967628542096033,4.6447244024194125,33.064179808513934,3.9837938225861196,32.959283679966475,3.277903568931227,2.872927429289753,3.4324420961712905,4.036359994353465,3.2889017684192705,7.110085572714097,0.4685126136330094,6.650945311542278,0.9275765998513861,36.58103924410193,4.996761854898731,36.35826536179876,3.7949871521694742,8.333373302657467,0.7990869001166486,5.782397538606628,6.513488130943814,4.616059109959256,2.749170062981831,5.1206043155853616,2.1294478026632193,2.6274515637160802,-0.2281496141149999,-3.0558726153082603,-0.06676744440695082,0.06300000000000061,-1.7409999999999997,0.0013489970241984395,3.947879295061899,7.683067390702602,11.377017279137402,-0.7499091330885008,-4.764206444585199,0.35272757153828393,-6.896769452904319,0.6159312905043697,2.5027270864491697,-1.656258906628004,-5.0267092011713,-0.9907549302834511,-1.4895924919287502,-4.14914318907925,-3.6314074717636897,0,0,0,3.589999999999999,1,0.16493808410819535
2025-01-01,4.61,4.06,10.465,26.2254579224946,18.1,30.3993910198841,1.07018749884138,7.62189857137715,32.9079241058137,8.2,1.5,0,4.61,1.98254843628392,5.6313145568451,4.06,7.11587261530826,7.6702057938028,10.5,10.437,10.661,26.2254579224946,26.2241089254704,22.8532966744987,18.1,10.4169326092974,7.11844228100777,30.3993910198841,31.1493001529726,37.6438482526851,1.07018749884138,0.717459927303096,6.83113486172478,7.62189857137715,7.00596728087278,6.70239086589236,32.9079241058137,34.5641830124417,42.2710106140504,8.2,9.19075493028345,7.60936497768895,1.5,5.64914318907925,6.69903414079852,3.734182812094639,1.51695986759418,4.334402521448804,1.3801148085575816,5.078624205102753,1.764308877057437,5.406569170703602,1.8241544992669838,10.467333333333332,0.03156474826981089,10.8608,0.7764201182349681,26.225008256819866,0.00077884382088025,24.7611800144782,2.014737902999562,15.538977536432467,4.435821026224179,12.091671522233554,5.669228367946777,30.6493607309136,0.4329602398565327,32.951105581979036,3.2858009419456,0.9526116416619526,0.20364735837829528,3.5311853476912676,3.556536520406187,7.416588141209027,0.35560809637472623,6.814265354889484,1.028001894750548,33.46001040802303,0.9562415255893593,36.1171350290209,4.0057213511266365,8.530251643427816,0.5720126257001036,8.57794247998023,0.8418919560436113,2.8830477296930836,2.3955089371212006,4.0959169603282914,2.4361106862195303,0.0,-1.0213145568451,0.0,-3.6102057938028,-0.03500000000000014,-0.19599999999999973,0.0,3.372161247995898,0.0,10.981557718992232,0.0,-7.244457232801004,0.0,-5.7609473628834,0.0,0.91950770548479,0.0,-9.363086508236698,0.0,0.5906350223110497,0.0,-5.19903414079852,0,0,0,3.589999999999999,0,0.16291885333896455
